file_name,data_category,expected_rows,classification,intended_use,real_world_evidence
01_Landslide_10L.xlsx,landslide,1000000,synthetic,ml_training_feature_engineering_testing,no
02_Flood_10L.xlsx,flood,1000000,synthetic,ml_training_feature_engineering_testing,no
03_Weather_10L.xlsx,weather,1000000,synthetic,ml_training_feature_engineering_testing,no
04_Rainfall_10L.xlsx,rainfall,1000000,synthetic,ml_training_feature_engineering_testing,no
05_Terrain_10L.xlsx,terrain,1000000,synthetic,ml_training_feature_engineering_testing,no
06_Soil_Geology_10L.xlsx,soil_geology,1000000,synthetic,ml_training_feature_engineering_testing,no
07_LULC_Vegetation_10L.xlsx,lulc_vegetation,1000000,synthetic,ml_training_feature_engineering_testing,no
08_Water_Drainage_10L.xlsx,water_drainage,1000000,synthetic,ml_training_feature_engineering_testing,no
09_Roads_Infrastructure_10L.xlsx,roads_infrastructure,1000000,synthetic,ml_training_feature_engineering_testing,no
10_Historical_Disaster_Risk_10L.xlsx,historical_disaster_risk,1000000,synthetic,ml_training_feature_engineering_testing,no
