LS_Type,count
MISSING,111760
slide,104745
rock slide,18605
debris flow,13336
debris avalanche,12030
shallow landslide,8928
debris slide,8152
Debris Flow,6040
Rockfall,5154
landslide,2578
Debris Slide,1980
combination debris avalanche and debris torrent,1282
mudslide,1281
debris torrent,1119
Landslide/Embankment Failure,962
Earth Landslide,922
verified older landslide,803
lateral spread,789
Landslide,709
Debris Slide - translational,636
Weathered rock Slide - translational,559
Mass Failure,534
Debris Blowout,503
rock_fall,466
Weathered rock Slide,437
Earth or debris Slide-Undifferentiated,384
earth flow,288
Earth Gully,259
rock avalanche,245
ground cracks,242
Gully Head,241
Slide,233
Weathered rock Slide - rotational,193
soil slide,179
Debris Slide - rotational,155
debris_flow,152
multiple failures,147
Bedrock Rotational Slide,145
verified recent landslide,141
Rock Slide,139
Gully,139
verified rockfall,138
Debris flow,131
Earth Rotational Slide,123
Flow,115
rock fall,112
earth slump,105
"Rockfalls, soil falls, or topples",104
soil fall,94
complex,89
Rock Slide - translational,89
topple,81
Rock Fall,77
rock fall initiated failures,76
rockfall,76
Spread,74
Earth or debris Flow,73
Debris,71
sand boils,65
Combination,60
Earth Slide,59
unknown,51
settlement,48
Rockslide,48
Earth Flow,41
Spread/Flow,37
Unknown,36
Slump,35
Earth or debris Complex,35
Earth Translational Slide Landslide,34
Translational,31
Rotational Slide/Slump,28
Earth Slide - rotational,27
Rotational,26
soil slump,25
fill landslide,25
snow avalanche,24
undetermined,22
"ground cracks, settlement",20
Bedrock Complex,19
other,19
Earth Landslide-Gully Complex,19
Earth Translational slide-flow Landslide,19
Slow-moving landslide near glacier termini,18
"ground cracks, soil slump",18
rock and ice avalanche,18
rockslide,16
Bedrock Fall,16
creep,16
fall,15
Earth,13
rotational,12
slump,12
Debris Composite,12
debris topple,11
Debris Subsidence,11
Rock Fall Landslide,11
Rock Fall Talus,11
rapid soil flow,10
Earth Slide - translational,10
ice avalanche,10
"rock fall, rock and ice avalanche",10
Talus,10
translational,9
earth landslide,9
"Rock, Debris Landslide",9
Earth or debris Slide-Translational,9
Rock Slide-Undifferentiated,9
"snow avalanche, debris avalanche",8
shallow road cut failure,8
Earth Translational Slide/Flow Landslide,8
Translational Slide Landslide,8
Earth Other,8
Earth or debris Topple,8
soil/mud slide,7
fill rotational,6
Rock Slide - rotational,6
Debris Creep,6
Blowout,6
snow_avalanche,6
debris flow flume experiment,6
Earth Translational Slide Landslide-Gully Complex,6
Earth Other Landslide,6
Subsidence in fan deltas,5
"ground cracks, soil slide",5
"soil fall, ground cracks",5
earth slide,5
soil and rock landslide,5
earth translational,5
Earth Slide-Rotational,5
Slide - rotational,5
riverbank_collapse,5
translational_slide,5
earth_flow,5
"lahar, explosions",5
Debris Landslide,5
Earth Translational slide Landslide,5
Slow-moving landslide not near glacier termini,4
shallow roadcut failure; less than 30 cm deep,4
rock topple,4
soil/mud translational,4
soil/mud landslide,4
soil and rock debris flow,4
Earth Blowout,4
Debris Fall,4
Weathered rock Fall,4
Slide - translational,4
debris slide - translational,4
lahar,4
outburst flood,4
Earth Translational Slide/Flow Landslide-Gully Complex,4
Earth or debris Slide-Rotational,4
shallow debris slide;  on east side of drainage,3
soil/mud rotational,3
Earth Slide-Translational,3
landslide/slump,3
Weathered rock Flow,3
Bedrock Lateral Spreads,3
earth slide - translational,3
rotational_slide,3
ice fall,3
mine collapse,3
"outburst flood, debris flow",3
Earth Gully Head,3
Debris Other Landslide,3
Earth Translational Slide Gully,3
Rock Complex,3
"ground cracks, sand boils",2
debris avalanche field,2
debris slide;  ~ 75 cm deep;  debris covered road,2
shallow (<50cm deep) natural hillslope debris flow,2
rock landslide,2
flow,2
embankment failure,2
break in pavement,2
Weathered rock,2
Weathered rock Blowout,2
Earth Complex,2
ice and debris avalanche,2
ice and rock avalanche,2
debris fall,2
rock and debris avalanche,2
"rock fall, debris avalanche",2
Gullying,2
"soil slide, soil fall",1
"soil slide, ground cracks",1
"ground cracks, soil fall",1
"lateral spread, sand boils",1
surface deformation,1
"ground cracks, sand boils, settlement",1
"ground cracks, settlement, sand boils",1
rotational slide,1
snow avalanche chute,1
trail cut slide,1
fresh slope failure; debris still on road,1
road cut failure,1
debris slides/debris flows,1
debris slide/debris flow,1
small shallow landslide; on right of drainage,1
small shallow scar; possibly fresh,1
several shallow landslides on steep face,1
small slide (1 m x 2 m),1
may have been caused by road runoff,1
several shallow debris flows,1
multiple debris flows,1
landslide reported on River Road,1
shallow debris slide,1
shallow (<30cm deep) natural hillslope debris flow,1
several debris flows behind homes on Signal Hill,1
weathered rock landslide,1
fill translational,1
composite,1
fill composite,1
rock composite,1
earthflow,1
wedge failure,1
earth rotational,1
soil/mud liquefaction,1
soil and rock translational,1
soil and rockslide,1
soil and rock slide,1
mine spoil landslide,1
earth debris flow,1
embankment repair,1
road closure,1
pavement repair,1
break in roadway repair,1
12 embankment failures,1
roadway,1
several repairs in road,1
Rock Topple,1
Complex,1
rotational slump,1
rotational landslide,1
earthslide,1
soil creep,1
lanslide,1
landslide/Subsidence,1
landslide/mudslide,1
Rock,1
Rock Flow,1
Composite,1
Subsidence,1
Earth Fall,1
Debris Rotational Slide,1
earth slide - rotational,1
rock slide and rock fall,1
Earth flow,1
rock and ice fall,1
rock slide and rock avalanche,1
"landslide, debris flow",1
debris avalanche-flow,1
ice and snow avalanche,1
"debris slide, debris flow",1
"snow avalanche, wet snow slide",1
"dam failure, outburst flood",1
rock slide-debris avalanche,1
Debris Translational Slide/Flow Landslide,1
Debris Translational Slide/Flow Landslide-Gully Complex,1
Earth Other Gully,1
Rotational Slump Landslide,1
Rock Translational Slide Landslide,1
Rock Topple Landslide,1
"Rock, Debris, Earth Gully",1
Debris Gully,1
Earth Rotational Slump Landslide,1
L G complex,1
Landslide-gully complex,1
